Date,Close/Last,Volume,Open,High,Low,Rise/Fall
2023-12-29,409.52,42662120,411.28,411.64,407.58,0
2023-12-28,411.3,27029150,412.67,412.92,410.94,0
2023-12-27,411.5,31980480,410.95,411.7875,410.08,1
2023-12-26,410.88,22722550,409.25,411.56,409.15,1
2023-12-22,408.38,34314000,409.0,409.97,406.4787,0
2023-12-21,407.77,45568910,407.06,408.14,404.47,1
2023-12-20,403.08,54042440,408.35,410.4699,402.9,0
2023-12-19,409.16,35711860,407.54,409.28,407.345,1
2023-12-18,407.08,46609990,404.93,407.99,404.6,1
2023-12-15,405.34,62896650,404.18,406.5399,403.57,1
2023-12-14,403.39,55447810,404.98,406.3,400.34,0
2023-12-13,403.74,55408130,399.62,404.36,398.8399,1
2023-12-12,398.67,39221150,395.56,398.79,394.41,1
2023-12-11,395.52,41198020,391.74,395.79,391.53,1
2023-12-08,392.17,46687530,388.67,392.62,388.4801,1
2023-12-07,390.43,49593550,388.07,391.27,386.96,1
2023-12-06,385.05,41994070,390.27,390.37,384.7,0
2023-12-05,387.29,42932960,384.39,388.5,384.21,1
2023-12-04,386.32,51186940,386.09,386.595,382.66,1
2023-12-01,389.94,40490070,387.75,390.54,386.0726,1
2023-11-30,388.83,52834380,390.08,390.55,385.82,0
2023-11-29,389.81,38811750,392.69,394.14,389.46,0
2023-11-28,390.19,35491120,388.41,390.78,388.05,1
2023-11-27,389.17,34139660,389.01,391.1499,388.28,1
2023-11-24,389.51,15718830,389.65,390.25,388.5,0
2023-11-22,390.06,44178570,390.57,393.07,389.04,0
2023-11-21,388.47,43336990,389.01,389.23,386.7,0
2023-11-20,390.74,44536670,386.05,391.41,386.05,1
2023-11-17,386.04,46622750,385.21,387.07,384.29,1
2023-11-16,385.95,45343540,384.84,386.19,383.56,1
2023-11-15,385.62,54141390,387.25,387.75,384.235,0
2023-11-14,385.33,67792630,383.71,386.26,383.18,1
2023-11-13,377.21,40733510,376.79,378.28,375.24,1
2023-11-10,378.39,58368440,371.82,378.54,371.28,1
2023-11-09,370.07,53859420,373.64,374.8,369.57,0
2023-11-08,372.94,35663370,373.08,373.79,370.62,0
2023-11-07,372.7,50777400,370.27,373.58,369.045,1
2023-11-06,369.21,38848740,368.49,369.78,366.91,1
2023-11-03,367.71,53280460,364.75,369.02,364.52,1
2023-11-02,363.44,58162440,361.54,363.68,360.3,1
2023-11-01,356.96,58992670,351.72,357.5298,351.62,1
2023-10-31,350.87,47671910,349.23,351.25,346.62,1
2023-10-30,349.2,55298540,347.83,350.54,346.45,1
2023-10-27,345.31,63476710,346.43,348.84,344.08,0
2023-10-26,343.66,78621430,349.12,350.07,342.35,0
2023-10-25,350.34,71190540,356.7,356.88,349.75,0
2023-10-24,359.13,47082080,357.51,359.91,355.79,1
2023-10-23,355.67,60665190,353.26,359.26,351.1199,1
2023-10-20,354.6,72559720,359.46,360.04,354.37,0
2023-10-19,359.97,72274240,364.81,366.02,359.16,0
2023-10-18,363.37,54280490,365.67,367.91,362.02,0
2023-10-17,368.2,50999100,365.81,369.92,363.66,1
2023-10-16,369.41,44201060,366.62,370.48,366.47,1
2023-10-13,365.28,52519880,370.57,371.16,363.86,0
2023-10-12,369.93,49587940,371.73,373.74,367.5,0
2023-10-11,371.22,38215090,369.94,371.412,368.19,1
2023-10-10,368.59,46968810,366.9,371.28,366.39,1
2023-10-09,366.56,45304770,362.3,367.11,360.78,1
2023-10-06,364.7,75049120,355.65,365.91,354.85,1
2023-10-05,358.69,45897390,359.74,360.15,355.14,0
2023-10-04,359.75,54786690,355.77,360.61,355.3,1
2023-10-03,354.92,60478490,358.78,361.01,353.275,0
2023-10-02,361.26,51625050,358.54,362.68,357.92,1
2023-09-29,358.27,64829620,361.54,362.95,357.02,0
2023-09-28,358.01,56453310,354.11,360.17,353.24,1
2023-09-27,355.04,56065970,355.38,356.98,351.36,0
2023-09-26,354.21,53657750,356.99,357.54,353.2101,0
2023-09-25,359.61,39167990,356.93,359.7,355.93,1
2023-09-22,357.91,51589690,359.63,361.8,357.59,0
2023-09-21,357.86,69734850,360.8,361.6,357.69,0
2023-09-20,364.54,45514190,370.95,371.31,364.46,0
2023-09-19,369.87,37621730,369.32,370.6826,366.8,1
2023-09-18,370.66,36903550,369.32,371.79,369.03,1
2023-09-15,370.81,69811210,375.91,376.32,369.86,0
2023-09-14,377.27,48039390,375.99,378.27,373.89,1
2023-09-13,374.21,46300680,373.03,375.84,371.88,1
2023-09-12,372.79,41391020,375.27,376.9517,372.5,0
2023-09-11,376.97,39936630,375.66,377.49,373.66,1
2023-09-08,372.58,35847360,372.01,374.85,371.6,1
2023-09-07,372.06,52060720,370.21,372.85,369.15,1
2023-09-06,374.74,42998740,377.28,377.63,372.7,0
2023-09-05,378.07,32344220,376.77,379.3093,375.83,1
2023-09-01,377.59,39801180,380.4,380.83,376.0801,0
2023-08-31,377.99,35730700,376.94,379.719,376.87,1
2023-08-30,376.86,41731510,374.88,377.4467,373.86,1
2023-08-29,374.77,58492370,366.56,375.13,366.231,1
2023-08-28,366.76,40910020,366.99,367.71,364.25,0
2023-08-25,364.02,69960470,362.07,365.74,358.58,1
2023-08-24,361.22,66842490,372.64,372.74,361.01,0
2023-08-23,369.11,51770600,364.58,370.22,364.36,1
2023-08-22,363.38,44613510,366.55,366.56,362.68,0
2023-08-21,363.9,50696520,359.62,364.59,359.15,1
2023-08-18,358.13,61191390,355.26,359.41,354.71,1
2023-08-17,358.58,62604340,363.96,364.31,358.16,0
2023-08-16,362.54,53190530,365.87,367.43,362.44,0
2023-08-15,366.42,45539890,369.36,370.169,365.74,0
2023-08-14,370.35,42130800,365.43,370.47,364.7,1
2023-08-11,366.24,48707190,365.99,368.0,364.69,1
2023-08-10,368.59,72035270,370.97,374.36,367.035,0
2023-08-09,367.91,51150900,372.29,372.45,367.14,0
2023-08-08,372.0,44726450,372.64,372.66,368.82,0
2023-08-07,375.19,37230440,373.88,375.29,371.51,1
2023-08-04,372.04,61702760,375.75,378.1,371.53,0
2023-08-03,373.79,47855380,371.94,375.95,371.77,1
2023-08-02,374.39,72687110,379.26,379.26,373.13,0
2023-08-01,382.79,41308460,382.31,383.56,380.69,1
2023-07-31,383.68,44019910,383.79,384.88,382.34,0
2023-07-28,383.48,56902930,380.74,384.52,380.22,1
2023-07-27,376.62,63940230,383.07,384.71,375.31,0
2023-07-26,377.52,47075710,377.72,379.24,375.18,0
2023-07-25,378.78,38894380,376.95,380.47,376.93,1
2023-07-24,376.23,40380060,376.62,377.58,374.34,0
2023-07-21,375.63,60499640,379.18,379.92,375.191,0
2023-07-20,376.76,71941670,382.61,384.095,375.72,0
2023-07-19,385.65,54092960,386.82,387.98,384.3,0
2023-07-18,385.74,55343440,381.96,387.13,380.0,1
2023-07-17,382.61,40868920,379.8,383.5,379.31,1
2023-07-14,379.07,55148500,379.585,382.86,378.18,0
2023-07-13,379.15,46960010,376.05,379.99,375.46,1
2023-07-12,372.82,61703700,372.34,374.19,370.3,1
2023-07-11,368.17,38214150,366.79,368.632,364.62,1
2023-07-10,366.36,48498800,365.96,367.05,363.41,1
2023-07-07,366.24,47133750,367.23,370.48,366.01,0
2023-07-06,367.46,49374730,366.51,367.91,364.52,1
2023-07-05,370.28,34460880,368.695,372.01,368.66,1
2023-07-03,370.29,19379820,370.07,370.93,368.97,1
2023-06-30,369.42,58712500,367.55,370.49,367.23,1
2023-06-29,363.81,46150970,364.24,364.89,362.14,0
2023-06-28,364.54,46498030,361.98,366.52,361.9038,1
2023-06-27,363.83,49428090,359.25,364.57,358.51,1
2023-06-26,357.68,52685480,362.0,364.84,357.59,0
2023-06-23,362.54,48922910,362.21,364.88,360.8227,1
2023-06-22,366.17,47603040,360.63,366.33,360.22,1
2023-06-21,361.9,53378260,365.74,366.18,360.96,0
2023-06-20,366.9,49204720,365.95,368.32,363.8899,1
2023-06-16,367.93,80931970,372.72,372.85,367.48,0
2023-06-15,370.26,71138820,364.61,371.77,363.98,1
2023-06-14,365.9,69525640,363.27,366.19,360.42,1
2023-06-13,363.26,57097800,363.29,364.11,360.03,0
2023-06-12,360.49,44817650,356.19,360.59,355.2,1
2023-06-09,354.5,53196930,354.63,357.66,353.03,0
2023-06-08,353.15,47153920,349.12,353.62,348.89,1
2023-06-07,348.82,69225940,355.13,357.12,348.18,0
2023-06-06,354.84,41390400,354.28,355.82,352.93,1
2023-06-05,354.9,47266230,354.43,357.495,353.85,1
2023-06-02,354.65,53372110,353.8,355.83,352.01,1
2023-06-01,352.01,50488600,347.73,353.36,346.66,1
2023-05-31,347.99,65105380,348.37,350.6,346.51,0
2023-05-30,349.98,72652160,352.71,353.93,348.53,0
2023-05-26,348.4,63006950,340.76,349.245,340.66,1
2023-05-25,339.72,66862770,339.14,341.01,336.665,1
2023-05-24,331.65,62891170,331.37,332.905,329.56,1
2023-05-23,333.36,48216660,335.89,337.06,333.0,0
2023-05-22,337.64,43015950,336.25,338.67,336.24,1
2023-05-19,336.51,61554930,337.49,338.205,335.43,0
2023-05-18,337.27,64213470,331.52,337.49,331.5,1
2023-05-17,331.12,47486120,328.24,331.71,327.04,1
2023-05-16,327.16,40019150,326.06,328.9025,326.02,1
2023-05-15,326.79,33375560,325.51,327.03,323.96,1
2023-05-12,325.03,48432840,326.74,327.17,322.94,0
2023-05-11,326.2,44278550,325.7,326.75,324.12,1
2023-05-10,325.14,60446620,324.12,326.01,321.6,1
2023-05-09,321.64,31768800,322.0,322.88,321.32,0
2023-05-08,323.69,36465800,322.42,324.04,321.315,1
2023-05-05,322.89,51806100,318.47,323.76,316.2116,1
2023-05-04,316.17,50224520,317.06,318.23,315.115,0
2023-05-03,317.29,59882070,319.75,322.47,317.18,0
2023-05-02,319.38,56519410,322.12,322.45,317.61,0
2023-05-01,322.19,41013390,322.09,323.63,321.09,1
2023-04-28,322.56,59712640,320.11,322.65,318.96,1
2023-04-27,320.35,65430390,315.7,320.86,315.05,1
2023-04-26,311.87,55400500,313.44,314.935,311.34,0
2023-04-25,309.99,57121640,314.29,314.97,309.89,0
2023-04-24,315.95,44043060,316.38,317.7391,313.74,0
2023-04-21,316.61,59002290,315.91,317.4,314.1,1
2023-04-20,316.28,62462140,315.69,319.27,314.97,1
2023-04-19,318.71,38960130,316.41,319.79,316.28,1
2023-04-18,318.86,46746940,320.99,321.42,317.64,0
2023-04-17,318.84,43007020,318.15,319.1999,316.04,1
2023-04-14,318.57,56278280,317.59,320.36,315.61,1
2023-04-13,319.17,54613790,314.83,319.65,313.63,1
2023-04-12,313.04,62813310,317.82,318.42,312.565,0
2023-04-11,315.83,40113590,317.83,317.89,315.31,0
2023-04-10,317.87,45134740,315.07,317.92,313.25,1
2023-04-06,318.05,46916500,314.24,318.55,312.82,1
2023-04-05,315.92,62795710,318.1,319.06,314.07,0
2023-04-04,319.07,45875380,320.6,321.63,317.8251,0
2023-04-03,320.15,47126840,318.77,320.42,317.4201,1
2023-03-31,320.93,62138100,315.91,321.17,315.6,1
2023-03-30,315.68,58354810,315.24,316.32,312.8088,1
2023-03-29,312.72,53274270,310.88,313.35,310.05,1
2023-03-28,307.12,48585920,308.17,308.2,304.774,0
2023-03-27,308.76,50287410,311.6,312.7,307.89,0
2023-03-24,310.89,57245800,309.32,310.99,306.95,1
2023-03-23,309.75,74575980,309.92,314.15,307.01,0
2023-03-22,306.12,75791910,310.27,315.25,305.95,0
2023-03-21,310.34,49757050,307.94,310.8,306.395,1
2023-03-20,305.97,56359490,304.26,306.3,302.01,1
2023-03-17,305.36,89923730,306.72,309.15,303.37,0
2023-03-16,306.81,98556820,298.0,307.18,297.19,1
2023-03-15,298.93,83631540,294.71,299.27,293.24,1
2023-03-14,297.37,73602550,294.31,297.93,293.45,1
2023-03-13,290.69,97123600,286.73,294.47,285.19,1
2023-03-10,288.55,98593560,292.83,294.35,287.38,0
2023-03-09,292.66,71456690,298.33,300.98,291.8299,0
2023-03-08,297.82,50876270,296.77,298.43,294.88,1
2023-03-07,296.34,65955760,300.07,301.01,295.72,0
2023-03-06,300.02,56736290,300.94,304.0,299.82,0
2023-03-03,299.68,60511540,295.39,299.92,294.87,1
2023-03-02,293.61,53738560,288.66,294.43,288.37,1
2023-03-01,291.2,58286970,293.26,293.93,290.2,0
2023-02-28,293.56,48243140,293.3,296.124,292.96,1
2023-02-27,293.94,48995010,295.07,296.49,293.34,0
2023-02-24,291.85,74331960,291.76,292.97,290.05,1
2023-02-23,296.82,69294440,297.97,298.13,292.55,0
2023-02-22,294.25,51389240,294.62,296.3599,292.56,0
2023-02-21,294.03,46526710,297.26,298.73,293.89,0
2023-02-17,301.16,58230730,301.07,301.93,298.1,1
2023-02-16,303.3,59498630,304.38,308.43,303.15,0
2023-02-15,309.1,43427300,304.9,309.27,304.2,1
2023-02-14,306.75,64079060,302.89,307.72,300.91,1
2023-02-13,304.5,39636720,301.13,305.1,299.93,1
2023-02-10,299.7,50050100,299.48,301.57,297.25,1
2023-02-09,301.68,49137820,308.84,308.99,300.2,0
2023-02-08,304.37,56720860,308.54,309.5,303.67,0
2023-02-07,309.88,67583980,303.46,311.03,302.32,1
2023-02-06,303.59,40802350,303.51,305.91,302.22,1
2023-02-03,306.18,76170800,304.94,312.39,304.54,1
2023-02-02,311.72,83070630,307.57,313.68,306.73,1
2023-02-01,300.92,67562170,294.41,303.43,292.3,1
2023-01-31,294.62,46705110,290.31,294.72,290.2,1
2023-01-30,290.27,49405830,292.93,294.38,289.89,0
2023-01-27,296.26,56441940,292.0,298.26,291.88,1
2023-01-26,293.34,51596340,291.22,293.52,288.519,1
2023-01-25,287.73,50872020,283.77,288.36,281.18,1
2023-01-24,288.37,44875150,287.31,289.55,286.78,1
2023-01-23,288.96,52799910,283.54,290.21,282.73,1
2023-01-20,282.68,60613610,276.79,283.02,275.71,1
2023-01-19,275.15,44150440,276.22,277.375,273.89,0
2023-01-18,277.88,47754550,283.11,284.69,277.67,0
2023-01-17,281.54,36269740,280.77,282.85,279.581,1
2023-01-13,280.97,44802940,276.5,281.219,276.16,1
2023-01-12,279.05,60599950,278.12,280.1,273.74,1
2023-01-11,277.55,44077040,273.92,277.66,273.12,1
2023-01-10,272.83,35247760,269.49,272.94,268.97,1
2023-01-09,270.54,45568680,270.83,275.29,269.92,0
2023-01-06,268.8,54659740,263.35,269.94,260.34,1
2023-01-05,261.58,45396740,264.04,264.21,261.26,0
2023-01-04,265.74,47754860,266.64,267.45,262.53,0
2023-01-03,264.48,42335330,268.65,270.155,262.13,0
2022-12-30,266.28,37858280,263.62,266.41,262.29,1
2022-12-29,266.44,45893570,262.96,267.405,262.25,1
2022-12-28,260.1,47139040,263.17,265.47,259.73,0
2022-12-27,263.58,38009010,266.74,266.85,263.03,0
2022-12-23,267.36,39373580,265.47,268.04,263.53,1
2022-12-22,266.76,60278380,270.38,270.5149,262.455,0
2022-12-21,273.45,46394690,270.6,274.78,269.74,1
2022-12-20,269.54,51064200,268.56,271.32,266.95,1
2022-12-19,269.75,44167920,273.87,273.96,268.49,0
2022-12-16,274.25,68300350,276.2,277.77,272.61,0
2022-12-15,276.89,60554120,282.33,283.01,275.67,0
2022-12-14,286.51,64984430,288.05,291.41,283.19,0
2022-12-13,288.65,80667680,296.65,296.875,285.91,0
2022-12-12,285.58,35732520,282.22,285.64,281.16,1
2022-12-09,282.04,47860490,282.81,285.64,281.59,0
2022-12-08,283.85,42594910,281.91,284.84,279.79,1
2022-12-07,280.53,45614250,280.47,282.57,278.7801,1
2022-12-06,281.68,53937610,287.48,287.62,280.255,0
2022-12-05,287.64,41482120,290.38,291.68,286.15,0
2022-12-02,292.55,53583170,288.54,293.45,288.36,1
2022-12-01,293.72,51547330,293.69,295.75,290.88,1
2022-11-30,293.36,74718090,280.84,293.47,279.97,1
2022-11-29,280.57,35618880,282.94,283.35,279.17,0
2022-11-28,282.71,38877050,284.9,286.96,281.76,0
2022-11-25,286.92,15498800,287.19,287.91,286.42,0
2022-11-23,288.82,46389970,285.97,289.46,285.79,1
2022-11-22,285.95,41873440,282.64,286.11,280.46,1
2022-11-21,281.89,40083530,283.4,284.58,281.04,0
2022-11-18,284.82,53588630,287.89,287.99,282.3211,0
2022-11-17,284.81,55462080,280.88,286.3189,280.72,1
2022-11-16,285.44,48859800,287.39,289.4838,284.6,0
2022-11-15,289.39,73985370,292.21,293.26,285.97,0
2022-11-14,285.44,55080050,285.86,289.215,284.44,0
2022-11-11,287.96,66961750,282.56,288.64,281.19,1
2022-11-10,282.75,99256690,276.01,283.05,273.85,1
2022-11-09,263.32,64862130,267.76,268.56,263.03,0
2022-11-08,269.54,63213790,269.14,272.85,265.52,1
2022-11-07,267.59,47333830,265.75,268.14,263.57,1
2022-11-04,264.68,78313210,265.53,266.61,259.08,0
2022-11-03,260.49,70038900,263.01,264.5,260.1,0
2022-11-02,265.68,79803140,275.08,278.21,265.61,0
2022-11-01,275.11,45895900,281.495,282.07,274.74,0
2022-10-31,277.95,47741950,278.92,279.76,275.99,0
2022-10-28,281.22,62651310,272.23,281.698,272.06,1
2022-10-27,272.87,57760300,276.79,278.2795,272.34,0
2022-10-26,277.93,63898250,278.46,283.98,277.43,0
2022-10-25,284.21,59014490,279.41,284.6,277.9,1
2022-10-24,278.45,63963570,275.69,279.4,271.97,1
2022-10-21,275.42,77897690,267.98,275.969,266.8236,1
2022-10-20,269.11,60605500,269.58,274.84,267.92,0
2022-10-19,270.49,53115410,269.93,273.68,268.07,1
2022-10-18,271.48,69781000,276.53,277.21,268.74,0
2022-10-17,269.35,64576450,266.84,270.24,266.74,1
2022-10-14,260.74,77244300,271.2,271.81,260.14,0
2022-10-13,268.82,112894100,255.16,270.17,254.26,1
2022-10-12,262.66,50580180,263.4,265.36,261.95,0
2022-10-11,262.75,66522510,264.7,267.63,261.03,0
2022-10-10,266.41,60392990,269.3,269.7,263.64,0
2022-10-07,269.1,71354670,275.02,275.15,267.74,0
2022-10-06,279.76,53489410,280.96,284.18,279.43,0
2022-10-05,281.98,55766320,278.28,283.81,275.42,1
2022-10-04,282.13,66696930,278.99,282.85,278.99,1
2022-10-03,273.53,61267450,269.07,275.16,267.53,1
2022-09-30,267.26,78482380,271.03,275.19,267.1,0
2022-09-29,271.87,81215960,275.86,276.25,268.84,0
2022-09-28,279.94,79652140,274.46,281.25,272.945,1
2022-09-27,274.48,69780120,277.81,280.21,272.11,0
2022-09-26,274.37,71176690,275.03,279.49,273.56,0
2022-09-23,275.51,74815190,277.55,277.85,272.02,0
2022-09-22,280.07,62757070,282.0,283.03,278.815,0
2022-09-21,283.56,82930960,289.59,293.95,283.42,0
2022-09-20,288.73,51271120,288.49,291.07,286.38,1
2022-09-19,291.05,52613830,286.1,291.21,286.04,1
2022-09-16,289.32,79920390,287.72,289.72,285.62,1
2022-09-15,291.1,65299410,294.07,296.53,289.46,0
2022-09-14,296.03,54907200,294.865,296.93,293.06,1
2022-09-13,293.7,79562170,301.8,303.02,292.785,0
2022-09-12,310.74,45905740,308.5,311.08,308.18,1
2022-09-09,307.09,56125220,302.83,307.6,300.5209,1
2022-09-08,300.52,55649820,296.85,301.87,295.45,1
2022-09-07,298.97,49260380,293.54,299.99,293.27,1
2022-09-06,293.05,57005440,295.66,296.6,290.87,0
2022-09-02,295.17,64666840,302.34,303.75,293.52,0
2022-09-01,299.4,57990750,296.72,299.78,292.95,1
2022-08-31,299.27,50044040,303.99,304.91,299.16,0
2022-08-30,301.02,51184500,306.1,306.73,298.44,0
2022-08-29,304.41,48321850,304.62,307.22,303.28,0
2022-08-26,307.44,69047740,320.28,321.51,307.35,0
2022-08-25,320.58,38098260,316.83,320.6,315.7577,1
2022-08-24,315.01,38057060,313.61,316.87,312.99,1
2022-08-23,314.1,39497070,314.12,317.0,313.33,0
2022-08-22,314.36,51098890,318.5,318.74,313.53,0
2022-08-19,322.86,51770570,326.17,326.84,322.08,0
2022-08-18,329.28,41937170,328.44,330.49,326.79,1
2022-08-17,328.49,47842160,329.07,331.43,326.36,0
2022-08-16,332.28,41186860,332.055,334.4209,329.16,1
2022-08-15,333.06,38266610,329.42,333.5652,329.4,1
2022-08-12,330.39,40928380,326.175,330.585,325.1001,1
2022-08-11,324.08,45897650,328.305,330.36,323.36,0
2022-08-10,325.93,51459560,324.59,326.23,322.0601,1
2022-08-09,317.08,39764220,318.77,319.03,315.42,0
2022-08-08,320.71,44066300,322.69,326.47,319.21,0
2022-08-05,321.75,53893970,319.19,323.83,318.39,1
2022-08-04,324.4,38973660,322.97,324.72,320.77,1
2022-08-03,322.89,53735730,316.05,323.7291,315.99,1
2022-08-02,314.33,48676500,312.92,318.545,311.8401,1
2022-08-01,315.27,46358830,313.65,318.81,312.53,1
2022-07-29,315.46,57501040,311.385,316.39,309.931,1
2022-07-28,309.81,55139940,306.59,310.3965,302.745,1
2022-07-27,306.81,69304360,299.04,308.54,298.46,1
2022-07-26,294.37,50074120,298.53,298.79,293.54,0
2022-07-25,300.27,40582380,302.02,302.5,298.22,0
2022-07-22,301.99,57127720,306.43,308.55,300.115,0
2022-07-21,307.38,55049360,303.5,307.435,300.78,1
2022-07-20,303.03,67769430,298.73,304.24,297.9329,1
2022-07-19,298.3,55172640,293.11,298.6,291.47,1
2022-07-18,289.4,59519580,294.72,296.16,288.2,0
2022-07-15,291.87,63818150,289.73,291.98,288.08,1
2022-07-14,286.67,63741840,282.99,287.56,279.8,1
2022-07-13,285.65,73939420,280.6,288.05,280.02,1
2022-07-12,286.24,55797090,290.32,292.28,284.61,0
2022-07-11,289.04,55273920,292.88,293.11,288.14,0
2022-07-08,295.35,59895480,292.08,296.75,291.12,1
2022-07-07,294.98,56620110,289.63,295.7,289.63,1
2022-07-06,288.8,63194720,287.35,290.95,285.59,1
2022-07-05,286.96,61829270,278.31,287.08,276.7501,1
2022-07-01,282.13,56675110,278.95,282.53,277.03,1
2022-06-30,280.28,79313580,280.75,283.9441,275.78,0
2022-06-29,283.8,57302730,283.4,285.34,280.84,1
2022-06-28,283.54,61867060,293.0,295.65,283.35,0
2022-06-27,292.45,54151450,296.0,296.5799,291.29,0
2022-06-24,294.61,58422260,287.74,295.04,287.5001,1
2022-06-23,284.85,57457800,283.21,285.72,280.31,1
2022-06-22,280.67,67472920,278.52,285.18,277.91,1
2022-06-21,281.08,51633740,278.75,283.45,278.64,1
2022-06-17,274.69,82703400,272.18,277.19,270.5119,1
2022-06-16,271.39,81910300,275.59,276.06,269.28,0
2022-06-15,282.8,86051430,279.415,286.83,276.61,1
2022-06-14,275.91,64697520,277.66,278.66,273.3375,0
2022-06-13,275.41,94442010,279.75,282.34,274.53,0
2022-06-10,288.84,85963460,293.65,294.87,288.384,0
2022-06-09,299.4,55900480,305.91,309.05,299.23,0
2022-06-08,307.64,38342060,309.05,311.72,306.77,0
2022-06-07,309.87,44900290,303.81,310.67,302.6886,1
2022-06-06,307.22,51785010,310.75,312.35,305.62,0
2022-06-03,306.2,60914680,309.03,310.47,304.92,0
2022-06-02,314.38,59291330,304.85,314.56,303.4001,1
2022-06-01,306.0,65341650,310.47,312.65,303.73,0
2022-05-31,308.28,60968330,309.07,311.33,304.33,0
2022-05-27,309.1,66985600,302.54,309.25,302.42,1
2022-05-26,299.33,59462230,290.44,300.92,290.15,1
2022-05-25,291.26,67144550,285.71,293.39,285.5,1
2022-05-24,287.24,73491120,288.125,288.86,282.25,0
2022-05-23,293.48,63648400,289.75,293.87,287.29,1
2022-05-20,288.68,91764170,293.13,293.8,280.21,0
2022-05-19,289.58,79920710,289.29,294.39,287.58,1
2022-05-18,291.14,79477110,301.54,302.25,289.85,0
2022-05-17,306.17,62715290,304.45,306.56,300.55,1
2022-05-16,298.44,59190430,300.15,302.26,297.13,0
2022-05-13,301.94,83684930,295.72,302.999,294.0825,1
2022-05-12,291.15,120910900,287.45,295.75,284.94,1
2022-05-11,291.84,140326100,298.44,304.09,290.95,0
2022-05-10,300.76,124124600,304.51,305.76,296.57,0
2022-05-09,297.15,113387300,303.48,309.3487,295.72,0
2022-05-06,309.25,139572800,310.95,315.09,305.105,0
2022-05-05,313.0,154607400,325.17,325.25,309.62,0
2022-05-04,329.6,116083400,319.31,330.29,313.891,1
2022-05-03,318.82,78185530,318.5,321.17,315.98,1
2022-05-02,318.48,115511800,312.83,318.72,309.645,1
2022-04-29,313.25,91977860,323.7,327.225,312.6,0
2022-04-28,328.01,99449960,321.85,329.89,317.52,1
2022-04-27,316.76,111204200,317.24,322.88,315.0,0
2022-04-26,317.14,105819600,327.47,327.66,316.855,0
2022-04-25,329.58,101755900,323.73,329.9,322.43,1
2022-04-22,325.4,82562150,334.31,335.56,324.96,0
2022-04-21,334.15,75801010,345.19,347.87,333.2,0
2022-04-20,341.21,65500020,347.09,347.56,339.96,0
2022-04-19,346.26,56515680,338.03,346.85,336.98,1
2022-04-18,338.69,58560560,337.35,341.04,335.791,1
2022-04-14,338.43,73519370,346.44,346.97,338.21,0
2022-04-13,346.35,61367760,339.8,347.43,339.06,1
2022-04-12,339.45,72790220,345.76,347.69,338.035,0
2022-04-11,340.89,66107400,344.81,345.75,340.535,0
2022-04-08,349.15,61956090,352.32,353.09,348.5,0
2022-04-07,354.1,63777370,352.24,356.35,348.69,1
2022-04-06,353.26,90077070,355.65,356.78,350.56,0
2022-04-05,361.1,62738660,367.81,368.54,359.93,0
2022-04-04,369.3,45950170,362.71,369.31,362.44,1
2022-04-01,361.85,54527760,362.81,363.61,358.59,0
2022-03-31,362.54,67011410,367.24,367.6,361.68,0
2022-03-30,367.09,68757710,369.275,370.98,365.57,0
2022-03-29,371.19,68072960,368.9,371.83,366.06,1
2022-03-28,364.91,56833870,359.34,365.01,358.07,1
2022-03-25,359.35,57584160,359.59,360.67,354.9438,0
2022-03-24,359.65,53555250,353.8,359.7,351.5939,1
2022-03-23,351.83,70615460,354.01,357.66,351.77,0
2022-03-22,356.96,63345930,350.59,357.85,350.2,1
2022-03-21,350.08,73799070,350.2,352.48,345.575,0
2022-03-18,351.49,85446350,342.74,351.79,341.55,1
2022-03-17,344.44,67809950,338.37,344.5,337.0406,1
2022-03-16,340.32,105243000,332.17,340.44,328.401,1
2022-03-15,328.15,76470990,320.88,328.95,319.23,1
2022-03-14,318.17,79802610,323.13,326.59,317.45,0
2022-03-11,324.4,66228430,334.32,334.64,323.9,0
2022-03-10,331.27,69362710,330.82,332.51,326.71,1
2022-03-09,334.99,64723370,331.75,336.38,329.09,1
2022-03-08,323.35,116153900,324.05,333.21,319.94,0
2022-03-07,324.86,89933790,337.29,338.48,324.65,0
2022-03-04,337.3,77009760,339.84,341.31,334.92,0
2022-03-03,342.26,71089390,349.93,350.04,340.35,0
2022-03-02,347.22,70609020,343.08,348.59,340.24,1
2022-03-01,341.49,67407000,345.75,348.078,338.9,0
2022-02-28,346.8,77515540,342.51,348.54,341.32,1
2022-02-25,345.77,78842090,341.31,345.98,337.39,1
2022-02-24,340.49,130614100,318.84,341.04,318.26,1
2022-02-23,329.42,86215370,341.32,342.183,329.1,0
2022-02-22,338.08,85967100,338.49,344.04,334.35,0
2022-02-18,341.51,80001510,346.41,346.81,339.14,0
2022-02-17,345.45,61801350,352.74,353.46,345.02,0
2022-02-16,356.04,58947090,353.82,357.0896,350.71,1
2022-02-15,356.13,55390810,352.91,356.37,351.82,1
2022-02-14,347.49,80254440,346.49,350.98,343.89,1
2022-02-11,347.06,101569100,358.43,360.07,345.8,0
2022-02-10,358.43,112468500,359.52,366.4885,356.54,0
2022-02-09,366.73,55766420,363.76,366.81,362.12,1
2022-02-08,359.12,64720900,353.96,360.24,352.8,1
2022-02-07,355.13,58198090,358.62,361.05,353.84,0
2022-02-04,358.01,86318300,354.08,361.4,351.97,1
2022-02-03,353.55,95384770,358.53,361.93,352.46,0
2022-02-02,368.49,78777140,369.76,370.1,364.285,0
2022-02-01,365.52,74433020,364.43,366.19,359.14,1
2022-01-31,363.05,94326390,353.2,363.65,351.52,1
2022-01-28,351.8,108167900,343.03,352.02,337.95,1
2022-01-27,341.1,95255660,349.4,351.27,340.05,0
2022-01-26,344.57,146559500,352.91,356.88,340.78,0
2022-01-25,345.11,124398400,346.67,351.0295,341.68,0
2022-01-24,353.3,199448100,345.905,353.98,334.15,1
2022-01-21,351.69,143388900,359.47,362.18,351.4,0
2022-01-20,361.72,88610680,369.79,373.87,361.17,0
2022-01-19,366.48,81791480,372.15,374.69,366.21,0
2022-01-18,370.55,75812300,374.04,376.22,369.7704,0
2022-01-14,380.01,80121210,375.07,380.35,374.86,1
2022-01-13,377.66,77993960,388.77,389.47,376.7,0
2022-01-12,387.35,54576370,388.46,390.2,385.01,0
2022-01-11,385.82,68295700,379.355,385.9899,377.2182,1
2022-01-10,380.11,91770500,374.82,380.64,369.31,1
2022-01-07,379.86,72652300,384.03,385.76,378.04,0
2022-01-06,384.02,70814320,382.42,387.35,380.13,1
2022-01-05,384.29,75739850,394.74,395.89,384.03,0
2022-01-04,396.47,58027210,402.24,402.28,393.288,0
2022-01-03,401.68,40575850,399.05,401.94,396.88,1
2021-12-31,397.85,34752880,399.66,401.0589,397.34,0
2021-12-30,400.35,23850070,401.33,403.5699,399.75,0
2021-12-29,401.55,32248480,401.75,403.05,399.11,0
2021-12-28,401.61,33113730,404.4,404.58,400.71,0
2021-12-27,403.48,32820710,398.25,403.48,398.2194,1
2021-12-23,396.92,29595540,394.31,398.425,394.14,1
2021-12-22,393.95,37042200,388.91,394.16,388.23,1
2021-12-21,389.21,48899480,384.05,389.53,380.201,1
2021-12-20,380.69,65336830,379.565,381.5,377.47,1
2021-12-17,384.91,81642850,383.33,389.19,381.77,1
2021-12-16,386.84,82591370,398.04,398.475,385.21,0
2021-12-15,397.05,73858030,387.94,397.4198,383.88,1
2021-12-14,388.2,75199180,387.3,390.09,383.63,1
2021-12-13,392.26,50166410,398.0,398.325,391.88,0
2021-12-10,398.01,52545770,396.62,398.28,393.36,1
2021-12-09,393.73,49973710,398.35,400.2,393.5299,0
2021-12-08,399.61,39204040,398.17,399.82,396.22,1
2021-12-07,397.83,56005260,393.03,398.46,392.99,1
2021-12-06,386.2,67588800,383.63,387.6,379.3,1
2021-12-03,383.13,105349100,391.31,392.34,378.9,0
2021-12-02,389.91,84416620,385.8,391.74,384.34,1
2021-12-01,387.12,78379250,398.28,400.48,386.64,0
2021-11-30,393.82,81332690,398.78,401.19,391.75,0
2021-11-29,399.69,54447110,395.89,400.73,395.14,1
2021-11-26,391.2,51533310,396.11,397.54,389.77,0
2021-11-24,398.76,46954380,394.93,399.05,392.54,1
2021-11-23,397.48,70098740,398.11,400.23,392.92,0
2021-11-22,399.3,61715370,405.57,408.71,399.19,0
2021-11-19,403.99,45191720,403.43,405.3,402.58,1
2021-11-18,401.75,45721520,399.73,402.27,397.45,1
2021-11-17,397.63,28703260,397.75,399.7196,396.64,0
2021-11-16,397.42,27872940,393.86,397.93,393.66,1
2021-11-15,394.61,33716860,395.91,396.24,392.095,0
2021-11-12,394.7,34730560,391.77,395.25,390.13,1
2021-11-11,390.59,32242980,392.57,392.75,390.24,0
2021-11-10,389.51,54937390,392.47,395.36,387.53,0
2021-11-09,395.32,50490720,399.16,399.57,393.92,0
2021-11-08,398.06,29256270,398.57,399.62,397.4,0
2021-11-05,398.6,43383800,400.04,400.99,397.16,0
2021-11-04,398.22,40265310,394.48,399.2,393.92,1
2021-11-03,393.18,33748900,389.55,393.61,388.48,1
2021-11-02,389.05,25135290,386.8,389.54,386.75,1
2021-11-01,387.43,30765300,386.56,387.56,384.42,1
2021-10-29,386.11,37310120,381.06,386.28,380.7,1
2021-10-28,384.22,38007010,381.95,384.48,381.155,1
2021-10-27,380.0,45760500,379.58,383.15,379.31,1
2021-10-26,379.12,47191280,380.23,382.71,377.905,0
2021-10-25,377.93,32597800,375.56,378.87,373.56,1
2021-10-22,374.1,36275820,375.98,376.97,372.385,0
2021-10-21,377.27,25469280,374.16,377.47,373.85,1
2021-10-20,374.98,31390340,375.94,376.565,373.46,0
2021-10-19,375.47,29090960,373.75,375.52,372.6974,1
2021-10-18,372.65,34513510,367.61,372.87,366.99,1
2021-10-15,368.94,40419880,367.88,369.06,366.82,1
2021-10-14,366.63,43433870,363.69,366.85,363.01,1
2021-10-13,360.0,40120800,359.51,360.69,357.43,1
2021-10-12,357.14,43905100,359.88,360.33,356.48,0
2021-10-11,358.39,34847180,359.58,363.2,358.3,0
2021-10-08,361.16,41822310,364.08,364.3166,360.61,0
2021-10-07,362.97,39411170,362.8,365.69,362.25,1
2021-10-06,359.67,56806540,354.08,359.95,353.15,1
2021-10-05,357.38,47232900,353.71,359.69,353.48,1
2021-10-04,352.62,76766010,358.52,358.86,350.32,0
2021-10-01,360.18,56375490,358.6,361.25,354.38,1
2021-09-30,357.96,61384580,360.97,362.68,357.1,0
2021-09-29,359.28,58076620,361.17,363.37,358.635,0
2021-09-28,359.87,97701630,365.67,370.302,359.35,0
2021-09-27,370.35,43338080,370.2,371.2516,367.73,1
2021-09-24,373.33,36056800,370.65,373.76,370.27,1
2021-09-23,372.98,44652000,370.76,374.04,370.099,1
2021-09-22,369.57,46972920,367.09,371.07,365.9584,1
2021-09-21,366.15,41927480,367.58,368.81,364.99,0
2021-09-20,365.7,76203200,367.46,369.25,360.93,0
2021-09-17,373.83,60912270,377.82,377.87,372.76,0
2021-09-16,378.31,35193080,376.68,378.9,374.695,1
2021-09-15,378.05,34097870,375.73,378.41,373.37,1
2021-09-14,375.26,41826620,377.86,378.61,374.28,0
2021-09-13,376.33,48741780,378.99,379.43,374.22,0
2021-09-10,376.59,40249410,381.23,381.97,376.245,0
2021-09-09,379.47,29398980,381.01,382.15,379.22,0
2021-09-08,380.78,32949160,381.93,381.93,378.45,0
2021-09-07,382.11,23970200,381.68,382.778,380.4882,1
2021-09-03,381.57,24624940,379.22,381.98,379.2003,1
2021-09-02,380.4,25503540,381.97,382.31,379.15,0
2021-09-01,380.58,28138310,381.04,382.71,380.37,0
2021-08-31,379.95,29628180,380.51,380.579,378.36,0
2021-08-30,380.26,27295670,376.85,380.76,376.83,1
2021-08-27,376.04,27104750,373.07,376.56,372.57,1
2021-08-26,372.42,29133330,373.92,374.62,371.97,0
2021-08-25,374.8,20441880,374.63,375.39,373.855,1
2021-08-24,374.37,21732910,373.84,374.99,373.36,1
2021-08-23,373.23,34034740,368.8,373.935,368.79,1
2021-08-20,367.73,39486030,365.06,368.14,364.74,1
2021-08-19,363.96,48499370,360.22,365.68,359.96,1
2021-08-18,362.21,38541940,365.18,366.62,361.865,0
2021-08-17,365.73,44793900,366.15,367.15,363.23,0
2021-08-16,368.98,35044110,367.67,369.02,363.7,1
2021-08-13,368.82,19336190,367.89,369.16,367.38,1
2021-08-12,367.53,26003880,365.69,367.9,364.295,1
2021-08-11,366.21,34249810,368.14,368.65,364.84,0
2021-08-10,366.84,35130800,369.26,369.56,365.62,0
2021-08-09,368.73,25960250,368.52,369.27,367.39,1
2021-08-06,368.05,33332110,368.37,369.37,366.905,0
2021-08-05,369.67,21443930,368.18,369.91,367.45,1
2021-08-04,367.34,29602240,366.77,368.32,365.63,1
2021-08-03,366.81,35558510,365.28,366.93,362.0,1
2021-08-02,364.6,27334100,366.28,366.88,363.87,0
2021-07-30,364.57,36484650,362.44,365.17,362.41,1
2021-07-29,366.48,25672530,365.25,367.6794,365.25,1
2021-07-28,365.83,42066200,365.6,367.45,363.24,1
2021-07-27,364.43,57933150,368.22,368.22,360.16,0
2021-07-26,368.49,28438130,367.49,368.89,366.601,1
2021-07-23,368.2,31960800,365.31,368.485,363.9157,1
2021-07-22,363.95,30252240,361.77,363.96,361.77,1
2021-07-21,361.56,30259860,358.35,361.56,358.12,1
2021-07-20,358.79,42183700,355.63,360.28,353.8,1
2021-07-19,354.67,64404630,354.05,355.18,352.04,1
2021-07-16,357.6,47261960,361.4,362.41,357.24,0
2021-07-15,360.52,53391560,362.98,363.19,358.46,0
2021-07-14,363.07,35336350,364.83,365.49,362.22,0
2021-07-13,362.42,39723020,362.03,365.465,361.54,1
2021-07-12,362.42,25717680,362.45,362.89,360.83,0
2021-07-09,361.01,35184530,358.17,361.5,357.57,1
2021-07-08,358.77,50890020,355.74,359.65,354.42,1
2021-07-07,360.95,35265240,362.45,362.76,358.94,0
2021-07-06,360.19,38842400,359.26,360.48,356.49,1
2021-07-02,358.64,32727240,356.52,358.97,356.28,1
2021-07-01,354.57,29289980,354.07,355.09,352.68,1
2021-06-30,354.43,32723960,354.83,355.23,353.83,0
2021-06-29,354.99,29426040,353.53,355.0199,352.67,1
2021-06-28,353.71,39130310,350.78,353.85,350.72,1
2021-06-25,349.46,28682800,350.47,350.72,348.84,0
2021-06-24,349.89,32581610,349.73,351.46,349.17,1
2021-06-23,347.74,27188450,347.51,348.92,346.88,1
2021-06-22,347.57,28941630,344.15,348.03,343.84,1
2021-06-21,344.36,32992650,342.43,344.69,340.15,1
2021-06-18,342.63,55414860,343.63,344.8082,341.86,0
2021-06-17,345.34,59722700,339.97,346.38,339.92,1
2021-06-16,341.01,55399540,342.74,343.84,337.45,0
2021-06-15,342.26,35963780,344.15,344.47,341.52,0
2021-06-14,344.51,27827720,341.68,344.52,340.46,1
2021-06-11,341.24,21222830,340.36,341.25,339.69,1
2021-06-10,340.35,33702070,337.19,340.46,336.73,1
2021-06-09,336.84,21485320,338.17,338.97,336.651,0
2021-06-08,336.76,27282820,338.395,339.29,335.03,0
2021-06-07,336.6,32611850,335.05,336.66,334.34,1
2021-06-04,335.6,38736550,331.85,336.0582,331.78,1
2021-06-03,330.0,37057830,330.55,331.86,328.28,0
2021-06-02,333.47,22047940,333.25,334.34,331.695,1
2021-06-01,332.82,31145420,335.3,335.785,331.43,0
2021-05-28,333.93,29927450,334.12,335.5699,333.6,0
2021-05-27,332.88,27931750,333.67,334.54,332.67,0
2021-05-26,334.13,25444930,333.66,334.61,332.95,1
2021-05-25,332.97,31280310,334.07,334.81,331.755,0
2021-05-24,332.51,32475770,329.37,333.67,326.9032,1
2021-05-21,327.01,50330450,330.43,330.86,326.64,0
2021-05-20,328.83,46466140,324.12,329.71,323.89,1
2021-05-19,322.59,66319110,316.66,322.9,316.3,1
2021-05-18,322.22,36528450,325.39,326.65,321.94,0
2021-05-17,324.41,39187120,324.63,326.3721,321.45,0
2021-05-14,326.39,44370020,322.6,327.33,322.08,1
2021-05-13,319.34,69877770,319.92,322.4,316.9,0
2021-05-12,316.89,91164860,320.23,322.62,316.0,0
2021-05-11,325.31,71963610,319.7,326.1299,319.02,1
2021-05-10,325.76,60700460,332.78,332.96,325.55,0
2021-05-07,334.2,53324460,334.37,336.65,331.6914,0
2021-05-06,331.51,46814280,328.76,331.67,326.45,1
2021-05-05,329.03,46219310,332.25,333.14,328.23,0
2021-05-04,330.14,65146970,333.56,333.89,326.21,0
2021-05-03,336.19,29729730,339.23,340.0,335.73,0
2021-04-30,337.99,38263420,337.7,340.26,337.05,1
2021-04-29,340.22,37708880,342.37,342.8,336.9001,0
2021-04-28,339.0,33615700,339.81,340.85,338.3301,0
2021-04-27,340.15,33187180,341.93,342.15,339.17,0
2021-04-26,341.63,30811970,339.67,341.92,338.9,1
2021-04-23,339.42,36414920,335.85,340.767,335.85,1
2021-04-22,335.2,45936140,338.89,339.9,334.01,0
2021-04-21,339.29,36598080,335.09,339.48,333.97,1
2021-04-20,336.41,38081820,338.2,339.52,334.3816,0
2021-04-19,338.88,34533130,340.39,341.58,336.9016,0
2021-04-16,342.01,40860100,342.15,342.23,340.08,0
2021-04-15,341.61,36342820,339.47,342.01,336.2153,1
2021-04-14,336.51,42564340,340.85,340.98,335.67,0
2021-04-13,340.6,30374030,338.24,341.08,338.02,1
2021-04-12,336.67,25833010,336.04,337.1,334.73,1
2021-04-09,337.11,36664890,333.68,337.32,332.92,1
2021-04-08,335.08,29940800,334.56,335.27,333.7399,1
2021-04-07,331.62,32046380,330.33,332.48,329.37,1
2021-04-06,330.82,33537210,330.73,332.83,330.02,1
2021-04-05,331.05,42172480,327.13,331.84,324.6375,1
2021-04-01,324.57,55685600,323.07,324.71,322.81,1
2021-03-31,319.13,55032540,316.16,320.74,315.81,1
2021-03-30,314.32,44635680,313.89,314.91,311.54,1
2021-03-29,315.91,54607960,315.45,316.99,312.47,1
2021-03-26,316.0,63519630,311.11,316.33,309.67,1
2021-03-25,311.33,78729010,309.968,312.885,307.3899,1
2021-03-24,311.87,64803730,318.63,318.67,311.72,0
2021-03-23,317.22,53455410,319.73,321.09,316.375,0
2021-03-22,318.61,56194760,315.21,320.74,315.21,1
2021-03-19,313.14,78446200,311.87,314.73,309.6601,1
2021-03-18,312.04,82942270,316.87,317.8801,311.57,0
2021-03-17,321.9,78258730,317.45,323.85,315.68,1
2021-03-16,320.58,54925900,321.09,324.2,319.1,0
2021-03-15,318.83,43123180,315.79,319.0,314.095,1
2021-03-12,315.46,69315600,313.86,318.2302,311.391,1
2021-03-11,318.04,53484800,315.77,319.86,314.85,1
2021-03-10,310.88,76798070,316.16,316.47,310.17,0
2021-03-09,311.77,80391110,307.47,313.73,306.92,1
2021-03-08,299.94,88409780,308.12,310.06,299.51,0
2021-03-05,308.68,121523700,306.795,309.609,297.45,1
2021-03-04,304.1,139131600,308.78,312.04,300.11,0
2021-03-03,309.16,86301070,317.27,318.24,309.1,0
2021-03-02,318.4,48370030,324.25,324.33,318.14,0
2021-03-01,323.59,49164520,319.27,323.94,317.935,1
2021-02-26,314.14,104739800,315.85,319.11,310.88,0
2021-02-25,312.83,110182600,321.39,324.03,311.24,0
2021-02-24,324.13,58206270,318.74,324.45,315.96,1
2021-02-23,321.48,97241940,317.0,323.2,311.0,1
2021-02-22,322.44,47256940,326.5,327.8,322.23,0
2021-02-19,331.02,39157680,333.86,333.99,329.97,0
2021-02-18,332.47,32236240,330.23,333.8661,328.36,1
2021-02-17,333.93,31467460,332.47,335.657,330.17,1
2021-02-16,335.54,27080780,337.27,338.19,334.34,0
2021-02-12,336.45,20346820,333.71,336.62,332.63,1
2021-02-11,334.58,22046070,334.33,335.0,332.12,1
2021-02-10,332.75,28068700,334.99,335.46,329.5,0
2021-02-09,333.51,17597480,332.62,334.81,332.61,1
2021-02-08,333.58,20462810,333.1,333.74,331.41,1
2021-02-05,331.36,22731960,331.22,332.4025,329.53,1
2021-02-04,330.24,22350950,327.82,330.33,326.46,1
2021-02-03,326.38,24824520,329.82,330.195,326.32,0
2021-02-02,327.68,33930840,325.48,328.87,325.31,1
2021-02-01,322.42,35646010,318.11,323.54,316.02,1
2021-01-29,314.56,55259020,319.58,320.7193,312.76,0
2021-01-28,321.32,42836320,320.67,326.42,320.03,1
2021-01-27,319.43,55263990,326.26,326.27,317.36,0
2021-01-26,328.59,25498110,328.85,329.76,327.22,0
2021-01-25,328.11,39080640,328.91,330.32,321.41,0
2021-01-22,325.42,21609440,325.29,326.46,324.71,1
2021-01-21,326.36,25316940,325.15,327.13,323.73,1
2021-01-20,323.77,30728100,320.14,324.74,316.509,1
2021-01-19,316.41,24537050,314.25,316.93,313.12,1
2021-01-15,311.86,35118720,314.13,315.12,310.58,0
2021-01-14,314.35,23500130,316.5,317.53,313.8616,0
2021-01-13,316.04,22898420,314.19,316.86,313.57,1
2021-01-12,313.92,29266760,314.46,315.58,311.2,0
2021-01-11,314.42,32869100,315.98,317.19,313.75,0
2021-01-08,319.03,33955850,317.34,319.39,315.0814,1
2021-01-07,314.98,30394830,310.28,315.84,310.25,1
2021-01-06,307.54,52809620,307.0,311.88,305.98,1
2021-01-05,311.86,29323410,308.29,312.14,308.29,1
2021-01-04,309.31,45305900,315.11,315.29,305.18,0
